{
  "IcoMoonType": "selection",
  "icons": [
    {
      "icon": {
        "paths": [
          "M976.691 21.765c14.746-14.114 34.364-21.917 54.724-21.763s39.868 8.256 54.4 22.593c14.532 14.337 22.955 33.789 23.492 54.252s-6.852 40.335-20.608 55.424l-417.675 525.168c-7.183 7.778-15.851 14.019-25.487 18.352s-20.042 6.666-30.595 6.863c-10.554 0.196-21.039-1.748-30.828-5.719s-18.681-9.885-26.144-17.39l-276.983-278.476c-7.714-7.226-13.901-15.94-18.191-25.623s-6.599-20.134-6.785-30.733c-0.186-10.598 1.754-21.126 5.702-30.954s9.826-18.757 17.281-26.253c7.456-7.495 16.335-13.404 26.112-17.374s20.246-5.92 30.788-5.733c10.541 0.187 20.937 2.507 30.568 6.821s18.298 10.534 25.486 18.289l219.199 220.276 363.555-465.705c0.649-0.81 1.348-1.583 2.091-2.315h-0.102z",
          "M644.78 516.041l362.794-464.712c6.562-5.656 14.916-8.727 23.518-8.661 9.225 0.070 18.108 3.738 24.755 10.3 6.656 6.569 10.556 15.528 10.812 25.001 0.247 9.473-3.183 18.634-9.489 25.555l-0.973 1.063-0.896 1.126-416.5 523.698c-3.109 3.138-6.757 5.665-10.757 7.465-4.384 1.97-9.109 3.028-13.895 3.118s-9.545-0.793-13.996-2.598c-4.451-1.806-8.51-4.501-11.929-7.939l-0.002-0.002-278.063-279.525c-3.531-3.308-6.376-7.309-8.354-11.773s-3.046-9.293-3.132-14.194c-0.086-4.902 0.811-9.766 2.633-14.3s4.526-8.636 7.941-12.070c3.414-3.432 7.468-6.126 11.913-7.931s9.198-2.689 13.978-2.604c4.78 0.085 9.5 1.137 13.882 3.099s8.34 4.8 11.635 8.354l0.515 0.556 253.849 255.095 29.761-38.123z"
        ],
        "attrs": [
          {
            "fill": "rgb(244, 244, 253)"
          },
          {
            "fill": "none",
            "stroke": "rgb(0, 0, 0)",
            "strokeLinejoin": "miter",
            "strokeLinecap": "butt",
            "strokeMiterlimit": "4",
            "strokeWidth": 85.33333333333333
          }
        ],
        "width": 1365,
        "isMulticolor": false,
        "isMulticolor2": true,
        "grid": 0,
        "tags": [
          "Vector"
        ],
        "colorPermutations": {
          "12442442531": [
            {
              "f": 1
            },
            {
              "s": 0
            }
          ]
        }
      },
      "attrs": [
        {
          "fill": "rgb(244, 244, 253)"
        },
        {
          "fill": "none",
          "stroke": "rgb(0, 0, 0)",
          "strokeLinejoin": "miter",
          "strokeLinecap": "butt",
          "strokeMiterlimit": "4",
          "strokeWidth": 85.33333333333333
        }
      ],
      "properties": {
        "order": 2,
        "id": 0,
        "name": "Vector",
        "prevSize": 32
      },
      "setIdx": 0,
      "setId": 0,
      "iconIdx": 0
    }
  ],
  "height": 1024,
  "preferences": {
    "showGlyphs": true,
    "showCodes": true,
    "showQuickUse": true,
    "showQuickUse2": true,
    "showSVGs": true,
    "fontPref": {
      "prefix": "icon-",
      "metadata": {},
      "metrics": {
        "emSize": 1024,
        "baseline": 6.25,
        "whitespace": 50
      }
    },
    "imagePref": {
      "prefix": "icon-",
      "png": true,
      "useClassSelector": true,
      "color": 0,
      "bgColor": 16777215,
      "name": "icomoon",
      "classSelector": ".icon"
    },
    "historySize": 50
  }
}